CREATE DATABASE  IF NOT EXISTS `project` /*!40100 DEFAULT CHARACTER SET utf8mb4 COLLATE utf8mb4_0900_ai_ci */ /*!80016 DEFAULT ENCRYPTION='N' */;
USE `project`;
-- MySQL dump 10.13  Distrib 8.0.28, for Win64 (x86_64)
--
-- Host: localhost    Database: project
-- ------------------------------------------------------
-- Server version	8.0.28

/*!40101 SET @OLD_CHARACTER_SET_CLIENT=@@CHARACTER_SET_CLIENT */;
/*!40101 SET @OLD_CHARACTER_SET_RESULTS=@@CHARACTER_SET_RESULTS */;
/*!40101 SET @OLD_COLLATION_CONNECTION=@@COLLATION_CONNECTION */;
/*!50503 SET NAMES utf8 */;
/*!40103 SET @OLD_TIME_ZONE=@@TIME_ZONE */;
/*!40103 SET TIME_ZONE='+00:00' */;
/*!40014 SET @OLD_UNIQUE_CHECKS=@@UNIQUE_CHECKS, UNIQUE_CHECKS=0 */;
/*!40014 SET @OLD_FOREIGN_KEY_CHECKS=@@FOREIGN_KEY_CHECKS, FOREIGN_KEY_CHECKS=0 */;
/*!40101 SET @OLD_SQL_MODE=@@SQL_MODE, SQL_MODE='NO_AUTO_VALUE_ON_ZERO' */;
/*!40111 SET @OLD_SQL_NOTES=@@SQL_NOTES, SQL_NOTES=0 */;

--
-- Table structure for table `alld`
--

DROP TABLE IF EXISTS `alld`;
/*!40101 SET @saved_cs_client     = @@character_set_client */;
/*!50503 SET character_set_client = utf8mb4 */;
CREATE TABLE `alld` (
  `uid` varchar(7) DEFAULT NULL,
  `aadhar` bigint DEFAULT NULL,
  `name` varchar(40) DEFAULT NULL,
  `mobno` bigint DEFAULT NULL,
  `bgp` varchar(5) DEFAULT NULL,
  `qty` int DEFAULT NULL,
  `city` varchar(20) DEFAULT NULL,
  `date` datetime DEFAULT CURRENT_TIMESTAMP
) ENGINE=InnoDB DEFAULT CHARSET=utf8mb4 COLLATE=utf8mb4_0900_ai_ci;
/*!40101 SET character_set_client = @saved_cs_client */;

--
-- Dumping data for table `alld`
--

LOCK TABLES `alld` WRITE;
/*!40000 ALTER TABLE `alld` DISABLE KEYS */;
INSERT INTO `alld` VALUES ('JP1000',456568790987,'VISHAL YADAV',8767890231,'O-',1,'JAIPUR','2022-05-01 22:11:31'),('JP1001',620568790989,'KARTIK YADAV',9067890891,'A-',1,'JAIPUR','2022-05-01 22:12:23'),(NULL,234567898767,'RAMAN KUMAR',4567879081,'O-',-1,'JAIPUR','2022-05-01 22:14:42'),('AJ1000',900568790909,'VIPUL JANGID',8767890809,'A+',1,'AJMER','2022-05-01 22:16:44'),('AJ1001',897568790900,'KISHOR JANGID',9777890809,'O+',1,'AJMER','2022-05-01 22:17:24'),('AJ1002',227568790900,'GARGI KUMARI',5677890809,'B+',1,'AJMER','2022-05-01 22:18:09'),('AJ1003',113468790999,'SIMRAN',9017890809,'B+',1,'AJMER','2022-05-01 22:19:04'),('KG1000',905668790999,'MANOJ',8970890809,'AB+',1,'KISHANGARH','2022-05-01 22:20:05'),('KG1001',905668791243,'JAY',6789065490,'AB+',1,'KISHANGARH','2022-05-01 22:20:43'),(NULL,432567898709,'KISHAN',6547879008,'A+',-1,'JAIPUR','2022-05-01 22:37:12'),('JP1002',768908764563,'RAMDEV',7678909876,'A+',1,'JAIPUR','2022-05-03 22:34:51'),('JD1000',657898721095,'PRINCE',9352860987,'B-',1,'JODHPUR','2022-05-04 20:33:59'),('AW1000',7658909835425,'KALPESH',8796750987,'AB-',1,'ALWAR','2022-05-04 20:35:16'),(NULL,989076786513,'KARAN',9043213245,'B+',-1,'AJMER','2022-05-07 18:02:42'),('JD1001',980765678435,'VIKRM',9008733214,'O-',1,'JODHPUR','2022-05-07 18:19:07'),(NULL,766509087654,'MANISH',6778944321,'O-',-1,'JODHPUR','2022-05-07 18:19:58'),(NULL,877909032141,'LALIT',8779000430,'AB-',-1,'ALWAR','2022-05-07 18:22:08'),('SK1000',678906543212,'RONAK',8776544321,'A+',1,'SIKAR','2022-05-07 18:24:02'),('PA1000',953728263286,'SHRAVAN',8366726729,'AB+',1,'PALI','2022-05-07 19:01:22'),('PA1001',374937829471,'HEMANT',9375826238,'O+',1,'PALI','2022-05-07 19:02:17'),('PA1002',739273927293,'NITESH',9362836281,'B+',1,'PALI','2022-05-07 19:03:14'),('PA1003',836297284123,'BINESH',9364827491,'B-',1,'PALI','2022-05-07 19:04:07'),('BK1000',837383638268,'FAIZAL',9362732682,'AB+',1,'BIKANER','2022-05-07 19:05:55'),('BK1001',937383638260,'GAURAV',8462732682,'AB-',1,'BIKANER','2022-05-07 19:06:36'),('BK1002',437383838297,'UMESH',9462732647,'O+',1,'BIKANER','2022-05-07 19:07:13'),('UD1000',836283838273,'KARTIK',7358236284,'AB-',1,'UDAIPUR','2022-05-07 19:08:22'),('UD1001',836283838648,'SURYA',8658236244,'AB+',1,'UDAIPUR','2022-05-07 19:10:24'),('BH1000',274283838937,'RAJESH',965823676,'B+',1,'BHARATPUR','2022-05-07 19:11:21'),('BH1001',274283838953,'RAMESH',9658236738,'B-',1,'BHARATPUR','2022-05-07 19:12:21'),('AJ1004',236514987456,'SHIRESH',9880744536,'AB+',1,'AJMER','2022-05-07 19:14:57'),('AJ1005',896514987456,'RITESH',9080744536,'B-',1,'AJMER','2022-05-07 19:15:37'),('AW1001',879076453627,'HIMANSHU',8990766543,'A+',1,'ALWAR','2022-05-07 19:17:25');
/*!40000 ALTER TABLE `alld` ENABLE KEYS */;
UNLOCK TABLES;

--
-- Table structure for table `donor`
--

DROP TABLE IF EXISTS `donor`;
/*!40101 SET @saved_cs_client     = @@character_set_client */;
/*!50503 SET character_set_client = utf8mb4 */;
CREATE TABLE `donor` (
  `uid` varchar(7) NOT NULL,
  `aadhar` bigint DEFAULT NULL,
  `name` varchar(35) DEFAULT NULL,
  `mobno` bigint DEFAULT NULL,
  `bgp` varchar(4) DEFAULT NULL,
  `qty` int DEFAULT NULL,
  `city` varchar(20) DEFAULT NULL,
  `date` datetime DEFAULT CURRENT_TIMESTAMP,
  PRIMARY KEY (`uid`)
) ENGINE=InnoDB DEFAULT CHARSET=utf8mb4 COLLATE=utf8mb4_0900_ai_ci;
/*!40101 SET character_set_client = @saved_cs_client */;

--
-- Dumping data for table `donor`
--

LOCK TABLES `donor` WRITE;
/*!40000 ALTER TABLE `donor` DISABLE KEYS */;
INSERT INTO `donor` VALUES ('AJ1000',900568790909,'VIPUL JANGID',8767890809,'A+',1,'AJMER','2022-05-01 22:16:44'),('AJ1001',897568790900,'KISHOR JANGID',9777890809,'O+',1,'AJMER','2022-05-01 22:17:24'),('AJ1002',227568790900,'GARGI KUMARI',5677890809,'B+',1,'AJMER','2022-05-01 22:18:09'),('AJ1003',113468790999,'SIMRAN',9017890809,'B+',1,'AJMER','2022-05-01 22:19:04'),('AJ1004',236514987456,'SHIRESH',9880744536,'AB+',1,'AJMER','2022-05-07 19:14:57'),('AJ1005',896514987456,'RITESH',9080744536,'B-',1,'AJMER','2022-05-07 19:15:37'),('AW1000',7658909835425,'KALPESH',8796750987,'AB-',1,'ALWAR','2022-05-04 20:35:16'),('AW1001',879076453627,'HIMANSHU',8990766543,'A+',1,'ALWAR','2022-05-07 19:17:25'),('BH1000',274283838937,'RAJESH',965823676,'B+',1,'BHARATPUR','2022-05-07 19:11:21'),('BH1001',274283838953,'RAMESH',9658236738,'B-',1,'BHARATPUR','2022-05-07 19:12:21'),('BK1000',837383638268,'FAIZAL',9362732682,'AB+',1,'BIKANER','2022-05-07 19:05:55'),('BK1001',937383638260,'GAURAV',8462732682,'AB-',1,'BIKANER','2022-05-07 19:06:36'),('BK1002',437383838297,'UMESH',9462732647,'O+',1,'BIKANER','2022-05-07 19:07:13'),('JD1000',657898721095,'PRINCE',9352860987,'B-',1,'JODHPUR','2022-05-04 20:33:59'),('JD1001',980765678435,'VIKRM',9008733214,'O-',1,'JODHPUR','2022-05-07 18:19:07'),('JP1000',456568790987,'VISHAL YADAV',8767890231,'O-',1,'JAIPUR','2022-05-01 22:11:31'),('JP1001',620568790989,'KARTIK YADAV',9067890891,'A-',1,'JAIPUR','2022-05-01 22:12:23'),('JP1002',768908764563,'RAMDEV',7678909876,'A+',1,'JAIPUR','2022-05-03 22:34:51'),('KG1000',905668790999,'MANOJ',8970890809,'AB+',1,'KISHANGARH','2022-05-01 22:20:05'),('KG1001',905668791243,'JAY',6789065490,'AB+',1,'KISHANGARH','2022-05-01 22:20:43'),('PA1000',953728263286,'SHRAVAN',8366726729,'AB+',1,'PALI','2022-05-07 19:01:22'),('PA1001',374937829471,'HEMANT',9375826238,'O+',1,'PALI','2022-05-07 19:02:17'),('PA1002',739273927293,'NITESH',9362836281,'B+',1,'PALI','2022-05-07 19:03:14'),('PA1003',836297284123,'BINESH',9364827491,'B-',1,'PALI','2022-05-07 19:04:07'),('SK1000',678906543212,'RONAK',8776544321,'A+',1,'SIKAR','2022-05-07 18:24:02'),('UD1000',836283838273,'KARTIK',7358236284,'AB-',1,'UDAIPUR','2022-05-07 19:08:22'),('UD1001',836283838648,'SURYA',8658236244,'AB+',1,'UDAIPUR','2022-05-07 19:10:24');
/*!40000 ALTER TABLE `donor` ENABLE KEYS */;
UNLOCK TABLES;

--
-- Table structure for table `dr`
--

DROP TABLE IF EXISTS `dr`;
/*!40101 SET @saved_cs_client     = @@character_set_client */;
/*!50503 SET character_set_client = utf8mb4 */;
CREATE TABLE `dr` (
  `name` varchar(35) DEFAULT NULL,
  `mobno` bigint DEFAULT NULL,
  `city` varchar(20) DEFAULT NULL,
  `date` datetime DEFAULT CURRENT_TIMESTAMP
) ENGINE=InnoDB DEFAULT CHARSET=utf8mb4 COLLATE=utf8mb4_0900_ai_ci;
/*!40101 SET character_set_client = @saved_cs_client */;

--
-- Dumping data for table `dr`
--

LOCK TABLES `dr` WRITE;
/*!40000 ALTER TABLE `dr` DISABLE KEYS */;
INSERT INTO `dr` VALUES ('RAHUL',6789876789,'JAIPUR','2022-05-03 16:36:08'),('RAM',8987678903,'AJMER','2022-05-03 16:37:29'),('CHIRAG',6763897609,'AJMER','2022-05-03 16:38:51'),('VISHAL',4567659809,'AJMER','2022-05-03 16:52:00'),('TUSHAR',4567890768,'KISHANGARH','2022-05-03 20:24:01'),('KAMAL',9880766782,'JODHPUR','2022-05-04 12:13:15'),('RISHABH',8990766573,'BHILWARA','2022-05-04 13:00:56'),('HARSH',7678980987,'JAIPUR','2022-05-05 20:43:35'),('DIVYA',8779065430,'KOTA','2022-05-06 15:04:14'),('VIPIN',8696032262,'ALWAR','2022-05-06 17:24:48'),('ROHITASH',7976896489,'SIKAR','2022-05-07 18:00:33'),('UMESH',9880766543,'ALWAR','2022-05-07 19:18:19'),('RAHUL',9880766542,'AJMER','2022-05-09 12:38:55');
/*!40000 ALTER TABLE `dr` ENABLE KEYS */;
UNLOCK TABLES;

--
-- Table structure for table `login`
--

DROP TABLE IF EXISTS `login`;
/*!40101 SET @saved_cs_client     = @@character_set_client */;
/*!50503 SET character_set_client = utf8mb4 */;
CREATE TABLE `login` (
  `uname` varchar(15) NOT NULL,
  `pass` varchar(15) NOT NULL,
  PRIMARY KEY (`uname`,`pass`),
  UNIQUE KEY `uname` (`uname`)
) ENGINE=InnoDB DEFAULT CHARSET=utf8mb4 COLLATE=utf8mb4_0900_ai_ci;
/*!40101 SET character_set_client = @saved_cs_client */;

--
-- Dumping data for table `login`
--

LOCK TABLES `login` WRITE;
/*!40000 ALTER TABLE `login` DISABLE KEYS */;
INSERT INTO `login` VALUES ('rahulgautam','123456'),('rahulgautam10','dbmsproject'),('vipinkumar','123456');
/*!40000 ALTER TABLE `login` ENABLE KEYS */;
UNLOCK TABLES;

--
-- Table structure for table `supplied`
--

DROP TABLE IF EXISTS `supplied`;
/*!40101 SET @saved_cs_client     = @@character_set_client */;
/*!50503 SET character_set_client = utf8mb4 */;
CREATE TABLE `supplied` (
  `name` varchar(40) DEFAULT NULL,
  `aadhar` bigint DEFAULT NULL,
  `mobno` bigint DEFAULT NULL,
  `bgp` varchar(6) DEFAULT NULL,
  `qty` int DEFAULT NULL,
  `city` varchar(20) DEFAULT NULL,
  `date` datetime DEFAULT CURRENT_TIMESTAMP
) ENGINE=InnoDB DEFAULT CHARSET=utf8mb4 COLLATE=utf8mb4_0900_ai_ci;
/*!40101 SET character_set_client = @saved_cs_client */;

--
-- Dumping data for table `supplied`
--

LOCK TABLES `supplied` WRITE;
/*!40000 ALTER TABLE `supplied` DISABLE KEYS */;
INSERT INTO `supplied` VALUES ('RAMAN KUMAR',234567898767,4567879081,'O-',1,'JAIPUR','2022-05-01 22:14:42'),('KISHAN',432567898709,6547879008,'A+',1,'JAIPUR','2022-05-01 22:37:12'),('KARAN',989076786513,9043213245,'B+',1,'AJMER','2022-05-07 18:02:42'),('MANISH',766509087654,6778944321,'O-',1,'JODHPUR','2022-05-07 18:19:58'),('LALIT',877909032141,8779000430,'AB-',1,'ALWAR','2022-05-07 18:22:08');
/*!40000 ALTER TABLE `supplied` ENABLE KEYS */;
UNLOCK TABLES;

--
-- Dumping events for database 'project'
--

--
-- Dumping routines for database 'project'
--
/*!40103 SET TIME_ZONE=@OLD_TIME_ZONE */;

/*!40101 SET SQL_MODE=@OLD_SQL_MODE */;
/*!40014 SET FOREIGN_KEY_CHECKS=@OLD_FOREIGN_KEY_CHECKS */;
/*!40014 SET UNIQUE_CHECKS=@OLD_UNIQUE_CHECKS */;
/*!40101 SET CHARACTER_SET_CLIENT=@OLD_CHARACTER_SET_CLIENT */;
/*!40101 SET CHARACTER_SET_RESULTS=@OLD_CHARACTER_SET_RESULTS */;
/*!40101 SET COLLATION_CONNECTION=@OLD_COLLATION_CONNECTION */;
/*!40111 SET SQL_NOTES=@OLD_SQL_NOTES */;

-- Dump completed on 2022-05-09 22:11:54
